-- phpMyAdmin SQL Dump
-- version 4.6.6
-- https://www.phpmyadmin.net/
--
-- Servidor: localhost
-- Tiempo de generación: 24-09-2018 a las 05:34:33
-- Versión del servidor: 5.7.17-log
-- Versión de PHP: 5.6.30

SET SQL_MODE = "NO_AUTO_VALUE_ON_ZERO";
SET time_zone = "+00:00";


/*!40101 SET @OLD_CHARACTER_SET_CLIENT=@@CHARACTER_SET_CLIENT */;
/*!40101 SET @OLD_CHARACTER_SET_RESULTS=@@CHARACTER_SET_RESULTS */;
/*!40101 SET @OLD_COLLATION_CONNECTION=@@COLLATION_CONNECTION */;
/*!40101 SET NAMES utf8mb4 */;

--
-- Base de datos: `pcsmagonzalezo`
--

-- --------------------------------------------------------

--
-- Estructura de tabla para la tabla `doc_type`
--

CREATE TABLE `doc_type` (
  `id_doc_type` int(11) NOT NULL,
  `desc_doc_type` varchar(60) NOT NULL
) ENGINE=InnoDB DEFAULT CHARSET=utf8;

--
-- Volcado de datos para la tabla `doc_type`
--

INSERT INTO `doc_type` (`id_doc_type`, `desc_doc_type`) VALUES
(1, 'cedula de ciudadania');

-- --------------------------------------------------------

--
-- Estructura de tabla para la tabla `job_position`
--

CREATE TABLE `job_position` (
  `id_job_position` int(11) NOT NULL,
  `desc_job_position` varchar(100) NOT NULL
) ENGINE=InnoDB DEFAULT CHARSET=utf8;

-- --------------------------------------------------------

--
-- Estructura de tabla para la tabla `location`
--

CREATE TABLE `location` (
  `id_location` int(11) NOT NULL,
  `desc_location` varchar(100) NOT NULL
) ENGINE=InnoDB DEFAULT CHARSET=utf8;

--
-- Volcado de datos para la tabla `location`
--

INSERT INTO `location` (`id_location`, `desc_location`) VALUES
(1, 'WORKAREA'),
(2, 'HALLWAYS'),
(3, 'LIVING ROOM'),
(4, 'KITCHEN'),
(5, 'ENTRANCE');

-- --------------------------------------------------------

--
-- Estructura de tabla para la tabla `person`
--

CREATE TABLE `person` (
  `id_person` int(11) NOT NULL,
  `name` varchar(30) NOT NULL,
  `middle_name` varchar(30) DEFAULT NULL,
  `last_name` varchar(60) NOT NULL,
  `second_last_name` varchar(60) DEFAULT NULL,
  `id_doc_type` int(11) NOT NULL,
  `doc_number` int(11) NOT NULL,
  `mobile_phone` int(11) DEFAULT NULL,
  `address` varchar(60) NOT NULL,
  `email` varchar(50) DEFAULT NULL,
  `fingerprint` blob NOT NULL
) ENGINE=InnoDB DEFAULT CHARSET=utf8;

--
-- Volcado de datos para la tabla `person`
--

INSERT INTO `person` (`id_person`, `name`, `middle_name`, `last_name`, `second_last_name`, `id_doc_type`, `doc_number`, `mobile_phone`, `address`, `email`, `fingerprint`) VALUES
(1, 'Ana', 'Maria', 'Perez', 'Lopez', 1, 1234567, 313333333, 'Everegreen 742', 'test@test.com', 0x89504e470d0a1a0a0000000d4948445200000397000002970802000000998029060000000467414d410000b18f0bfc61050000712549444154785eeddd8b95e3b892ade173bd6b83ca8036a42c68277a3c6953ea2a4589a2f8002236011201fcb966ade9530950e0870737214af9fffefcf9f33f7e10400001041040000104108825f048b1fc2080000208208000020820104be011b9ffe6ff1040000104104000010410882230a56d522c211e0104104000010410402092002936526f45b937a29d0820800002082080406d01522c2916010410400001041040209e0029365e9fd5beb3e1f8082080000208208040fb02fb2936d667d3682d02082080000208208040f702ab604d8aedbec739410410400001041040a00701526c0fbdc839208000020820800002a309906247eb71ce170104104000010410e8418014db432f720e0820800002082080c06802a4d8d17a9cf34500010410400001047a1020c5f6d08b9c030208208000020820309a002976b41ee77c1140000104104000811e0448b13df422e78000020820800002088c26408a1dadc7395f0410400001041040a00701526c0fbdc839208000020820800002a309906247eb71ce170104104000010410e8418014db432f720e0820800002082080c06802a4d8d17a9cf34500010410400001047a1020c5f6d08b9c030208208000020820309a002976b41ee77c1140a05f81ff7efff5bfcfcfaf7fdf67faefafe7bf7efea15f82d799953ce392c7ea1e9e1344e0520152eca5dcbc180208205049e09560fffafddf2b753d42eb57aa7dfca6d24bb774d8f7c9ffa4f693673ca05e4b3d495b10300890620d4814410001041a179812d76bb3f57b4bf6bd39dbff4eec32c19edc7bde10f6afd7f808a77908ec099062191708208040748157e69a93d614e79efff393eceec86177bc19ff09a0e7cff85ebde8c392f623505d80145b9d981740000104ea0abcb2d6ee1be825339def2ce604783e4cba5eb8e419973c96eb24288c0002160152ac45893208208040bb02efb8d8688a3df974aadbbd64f22c792cf789500101047202a4d89c10bfbf4d60fd8cdbe2b3d7ed7cd87af9f45cd98b75bd23dfd6a3755f78315ecaf6c441b3dbe9a0f4bbdef7e530f662eb8e788e8e00027f48b10c8266059229b6956f0d5a4699b2ef9bd63b72b33d7eae6177a6d8b25def7338fa72adf751f22976fb59b0bddb808fefeab747bfb07488eda57320874bc5aa5fdca7f0e74f5e6ffbe20737519b82778e9a1c29bf47208800293648478dd8ccdd8b60c1afd119d1b4e7735e0c8d4be24103b719fb5f4530bd69311b2472d8e75753f05a1cef93c4d62f32ffe6f853fc8976bd9b657a69c370fd7ca9d8b3f0ea950fbeb2c1700aa67b80d58b2f3e48b7fa66de77b336edb9e45d0303234510882a408a8dda73fdb7fb20242c63ec2561a57fe94ece70c014fbeab9f47ee1d16fe77f5f26a919711dafd6a9731e3487bf5824cac383995efa787c4eaddd24c18333164e21b117bb0aa6ebd4bb589ba692ab56e6f7783b99969c0602750548b1757d39ba2eb09f62ed0f23eeed0759763ef6de9d3caee708d5fb1b548749dc71e4cd16d473332e7bb29947362cf7087b87c8d6f3091f8ea044f3734d909abd6e88e50df3779dddb6663bc83a794ea5d8ef561ca6d8cf3ea329927eef8b1e54b1bef4bec3ebac930f3f7c0f847c44df1e2c9388775e7d7a95f556f87648def5d4b07554510e811002a4d810dd346423f7deddfc0a03c72120f5466b32dd1d56b464cd5428396ed1d923afdf43fdfa0c9c76b29f43a44e2999810f2bfa85f7067f267fa7fed0aad6ec4c23b4ae3ff9b5fc9f369d49b18ba67ff5cde694fc1130b74b6b7ee93dfdf7c177e90f02a2ff148ef662df47da7bf5a965ef799d1baa96dbcd21d77f4e1a019b0029d6e644a9eb05d25134b1d3f875ddd83e8697ca0eaefdcf27896943eefb54721b852f6ad39197afffb972da5e6f05fcba20dbea7ebdeefb52fe55f5e02cfdc29b91f79d0bde2fbefc57dbd6b9a7d92752ecab619b7798a77b8522fbb15a8a5d9cd327defdfaf513c1f61ae68f80c729d6f9d23bfaf3b1f7c6d99187ff140e52ac7d1bf55dd238e9af5f66794504820b9062837760c7cd17df303e7ee4c010a0eccf2bbce12d59d3f0c23bfd683972b1935dee5e1af2e0fed31edf0f36ec5fb7fdc22b9ac3a86cf0d29b7d22c56eab9e36581ff24c8a5dc5acf950e6bdd8dc8eeb715637bf748230bd15bbda943f4ab1a9b8bd679bf65eb6f698b3e3959b5343e04a0152ec95dabc964760914a1c1b19a98460c8395f9bab866ff33aca45bb5732c3f13ef5bc475e5fcef3277b22d319de263d7e57ffbbb2a36fd39bdff913fedeb85e3d7af1fe9fe6f6583ae86818d89ed930cf1631c5beabed6e135b53ec82e1f081d9e3cf5fd95e7a0bf1e9ec6d7f1d77cc418a4d9cc2fe5eac6993f9d9687bde3577360511406029408a653cb42a703ec5ae2e70f62db0affdbed443965f0fa51ee51f6fdc993ac4522b51c670b247b12fffca86836746955d7875a0c3c619da6428e2980c79a64d3fbedfabfffdfcfccff3c71c9a532d5352ecbbce57f44ce5b9dd08f8d58fd614eb7ee9edb92772e4d74d92e1d35dc953c8a5d8fd2742fefbfdf3f3ef4fb353717b9ee645068163e85214818e0448b11d75665fa7620c099b933e7cfbde9b610c7b7bb6acf9b50568be6099ceffd4c91e9da0e1c4b56724d67d6578a14df71ef562268b4cc729d3ec579b2c1db45fc652d3359985143b531c3cafbb8d673b29f6fb5e6453e5206afa5f7a07e3e81e77f52e4136c5664ee1603735b596bc7ef77ae5645f4fbf2cf268b46bbc5018818e0448b11d75665fa7225feaf7f34c6287e6c0cdf078a835177dbdb8f1a2654b5c274ef610d8122e0f9f0af8be86a787a449787d88efd8f1ca0aabec72485ca4d9af16193ae8abad9f4095daf19426717ac36f2fe36e9bb08a733fd9eadf5f7f3d7e9e7f0ee1eb16e0f94feff2bffe3d7cf5af143b2736e1a5f750f626f46a186c12e2e7f7d653387c26607f4a7f503e4dde1db09f95c37c5b2b8d0c2a21d0bd0029b6fb2e8e7a82272ef5eb0bf2ea0948cb3bffdf556c9f794f5d8fb6d7d7dc3bca8690f4ec5af16413dbc896149b79dd03b0e3b61aa3bde58cd36fd327b93cad306deceebeda5ff3f70014da874bdf0decff766f40fe9cfef1fdc0deb93c87fce650bb5ffef0f99097ffa5f7d7b0dd39f5154fd7cf6df84f61f7bb38a6e61c8ea4c437c3ae5622d7788bba90d36e04ea0a9062ebfa727459c096a58e0fbf7b91496f7c1c5f168f5ee660b3cd7ed53dbc8eb98ebc7f45cdecf21cc564cf26f8ae58e275fdc207f29bdefdf5fbf9eeaced61536fb3771b611ca09b96fef57bf158ecc91c7390a476bf34ed93a0f636b0df9d96ba79dcdff84f7cd9dce1c1f63652f7fffc6d7afdf8eec81973f1ba8967e3176fe5eff5e5514afd3aa2f54d806dd6670f56be34501181a5002996f180000208208000020820104f80141bafcf68310208208000020820800029963180000208208000020820104f80141bafcf68310208208000020820800029963180000208208000020820104f80141bafcf68310208208000020820800029963180000208208000020820104f80141bafcf68310208208000020820800029963180000208208000020820104f80141bafcf68310208208000020820800029963180000208208000020820104f80141bafcf68310208208000020820800029963180000208208000020820104f80141bafcf68310208208000020820800029963180000208208000020820104f80141bafcf68310208208000020820800029963180000208208000020820104f80141bafcf68310208208000020820800029963180000208208000020820104f80141bafcf68310208208000020820800029963180000208208000020820104f80141bafcf68310208208000020820800029963180000208208000020820104f80141bafcf68310208208000020820800029963180000208208000020820104f80141bafcf68310208208000020820800029963180000208208000020820104f80141bafcf68310208208000020820800029963180000208208000020820104f80141bafcf68310208208000020820800029963180000208208000020820104f80141bafcf68310208208000020820800029963180000208208000020820104f80141bafcf68310208208000020820800029963180000208208000020820104f80141bafcf68310208208000020820800029963180000208208000020820104f80141bafcf68310208208000020820800029963180000208208000020820104f80141bafcf68310208208000020820800029963180000208208000020820104f80141bafcf68310208208000020820800029963180000208208000020820104f80141bafcf68310208208000020820800029963180000208208000020820104f80141bafcf68310208208000020820800029963180000208208000020820104fa0ab14fbbf0a3ff1ba546a7105b9ff490d095c0943b9f3a073d1c1e5e25a16864ea69b2b62281b4227d3252af693621fe3e3cf9f7f0afedf34e06aa0b7764ce8cef70886b221742e3ab85c5cab085bf002f138d438d7886584c5501b81cc5ccd2d5bab93145b7c7ccc13b5fb200b5d7692640b6098253a2a009d8b0e2e1757d5083bce35a25e841dc790992bcfdc6c45526c66fb96142bdf79774fc7e29e5d5fb20558dcb34444311711f74b45b8760fc26c956da193e9b21549b1a4d8c24f628c737b4d8acdae2fd9022cee592252ac8b88145b848b145b969185aeace7f7aaf8f732c84ebf7a80effc6bbd469c3f32434436844ea623c542775ec0750466ab8b8b1b00998b140b5d59817a47eb612fb6deca3e6d2b76fcce3874e7a71686b221742e3ab85c5cd744d8eeaf1117dcab776fc8cc9567aea5222936ffb506a4581e8d4dcc255628cb4273f1d64e97d745461a234d16385f91e1271b4227d3592a926249b17901522c29d6b29a78cbb0b8bbc4e07271b1172b7371cf095d5981aa4723c5e6331c7bb1a458526c8d658858e65285cbc5458a95b948b1d09515a87ab4f029b6f6cadef173b1d09d9f5a18ca86d0b9e8e072715d19613bbe46cc8c0c3f869f2c50bb620f299609a68d92871b741add7271c7503364f8b9dce07271ad522c9354d69b2a32fc6440e8643a6345526cfe89825e6fb5995dc649922886a16c089d8b0e2e17172956e6daadc8f0933da193e98c1549b1a45893008fc6b2b81bd7146331167723149b612ea86d6146da4940f662cf0032fccee859ea92624d19aecb0f7831bb2c33245d0643d9103a171d5c2e2ef662652e6ed7a12b2b50fb68b153ec054f3bf5faf754a13b3fb530940da173d1c1e5e25a4558f97d246fc52e373ba68d582f855cbe3343e8e4996baf488a35edc5f6f7682cb3cb3e498e4a62281b42e7a283cbc5458a95b98e3662e554eaad488af58af5bad1661fc3a45852ac5580d9b59a57640bfb42039d6cc56618746704ced765a1930da193e9ec1549b1d60cc73d22299628665f59d22559dc5d9270b9b8d88b95b9d88b85aeacc00547eb3cc54e1f89b0fc6423da6829d68266fcc4496774f3b4cc660b0ce58731a0734531b81869f5e2020b9d6c0b9d4c67afd8738ab5afec9634d659144bcf2ee82c5308438b92b0bbc3f073edfac39518874c5279921a6fd7197e0cbff363eccc117a4eb1d347b28c3fecc5ae048c6ed97bcdfe3e18675cdc197ef2e20e9d2bc5c2c5483b1302b275b38b3c170bde0ac88ea27a053a4fb1d96c6a2f30d45eac9dc552b2333a7b8ab5e018cb746698bd2e1a592cc53aa0834bbe044227d3b1d041775ee082239062f9749755c0921876cb74102384b7c565ae110cc916aec51d2e17d7b23074321d2916baf302171c81146bcd709d453116f7f3b30b43d9103a171d5c2e2e52acccc5ed3a7465052e381a2996146b159037173bbb01608be2fcc2442c7319c2e5e222c5ca5ca458e8ca0a5c703452ac35c37516c5b82e9e9f5d18ca86d0b9e8e072719162652e522c7465052e381a2996146b15602f763521c916f20a059d8b0e2e17172956e622c5425756e082a39162ad198ebd58522c29b6d492442c7349c2e5e222c5ca5ca458e8ca0a5c7034522c29d62a408a25c5965a9288652e49b85c5ca458998b140b5d59810b8e468ab56638f66249b1a4d8524b12b1cc2509978b8b142b739162a12b2b70c1d148b1a458ab002996145b6a492296b924e172719162652e522c7465052e381a29d69ae1d88b25c592624b2d49c43297245c2e2e52accc458a85aeacc0054723c59262ad02a458526ca9258958e69284cbc5458a95b948b1d09515b8e068b153ec03e8b1be5fb0c477b6113b0d2ce8ce4f300c6543e85c7470b9b85641966b84acc7c502ba9302b5ab93624d3b91a45836628f7629b8406a8b14b1cce506978b8b142b73b1d0415756a0f6d148b1a45893002996c5bdec62442c7379c2e5e222c5ca5c2c74d09515a87d3452ac29c3b1174b8a65712fbb1811cb5c9e70b9b848b132170b1d7465056a1f8d144b8a3509906259dccb2e46c43297275c2e2e52acccc542075d5981da47eb21c5ca01cb58b1cb8dd8c7c0e281cef3b30b43d9103a171d5c2eae558a352ef572b15eaf113323c38fe1270bd4ae488acdef44f6ba42b1309d9f5d18ca86d0b9e8e07271916265aea3bd5839e21b2b729d35426d8bf54a671cc3e153ec057b8a1d0f91da97c68ee92edba5e8d890e1675ca6a76270b9b8ae0cb21d4f52163a79d441779ece720452ecb87bb15c172d33245b866c91253a2a009d8b0e2e17172956e6ba653bb6e33b01666ed9a1b83a5a2729b6de28e9786a4d2916ba93130c4319103a171d5c2eae558a65a193f5e6b70230d40c99b99a9bb1162936b3174b8ae5619df45c628532ae35db62d0b9e8e07271916265aea3bd5852ac46caccd5dc8cb57a48b1d39ea21cb6d215fb4eb1d019e74936c832fc344966aecb0d2e17d72ac8324965bd793b1643cd9099abb9596a916287de8b25c55a2649b60c2b5496e8a800742e3ab85c5ca45899eb683b9614ab91327335374b2d522c29966d6ccb4c499561859205a173d1c1e5e222c5ca5ca458e8ca0ad43b5a2729b6c69ee2fb59967af8ad1cb9f8a5711cbab90b31944733742e3ab85c5c55832c0bddf9add9710c99b9f2cc4d57ec2ac54ef3a1ec4f25f7a60e5b566c3e5a53e758bb3118cac2d0b9e8e07271ad526c0d3db93d112bd6007cc6bbfe7fa0abd4c7a4d8ccd0aae4ded461995de7bb0343d9103a171d5c2e2e52acccb55b91e1277b4227d38db217fb38cf1a3bf695dc5b3b2c74e77b0443d9103a171d5c2eae55903dff26f8f20883ec2362280f39e88ad0250ed2cf5e2c29f6cc58e1ba78466faa8ba16c089d8b0e2e17173142e63ada8ee54e402365e66a6eecc5e6ffc6ecd19c1ce73e9bd9757e7661281b42e7a283cbc5458a95b948b1d09515a87134f662531997142bdf738f43374f4bb285bc4241e7a283cbc5458a95b948b1d09515a87134522c299677c3cbcc2cb285ec089d8b0e2e17172956e622c5425756a0c6d148b1a458526c999945b6901da173d1c1e5e222c5ca5ca458e8ca0ad4381a2996144b8a2d33b3c816b223742e3ab85c5ca458998b140b5d59811a4723c5926249b1656616d9427684ce4507978b8b142b739162a12b2b50e368a458522c29b6cccc225bc88ed0b9e8e072719162652e522c7465056a1c8d144b8a25c5969959640bd9113a171d5c2e2e52accc458a85aeac408da3916249b1a4d832338b6c213b42e7a283cbc5458a95b948b1d09515a87134522c2996145b6666912d6447e85c7470b9b848b132172916bab202358e36568a7dacfef38fe5fbfcc7f9eafeec7511baecf4c3304b7454003a171d5c2e2e578a65a1cbda32fcb2442c7432915071a014bb5c9ea6ffce065952ec44049d656aa54714860943e82c036c2e03978bcb9e6299a41658869f4549d8c65ee50d228ad1799414bb5d9e2c419614bb1b61a1f3ae500cbff47a9458afa1dbd2c165bcbc41274369f79cccd6330b9d6bb8ce1b4c35ba38d6318748b147532b9bc648b1d0d9e7f351b6c0306b085d96c8b2a1c848cb3232d2b244d902186689bc4f1424924676e75b6e4c371549b1a9e70a48b15c17ed539dc5dd6eb52a099d8b0e2e171737003297eb4d272e1659e7c4ccf5065ff6626731522c29f66730705dcc2e40d902186689bc2b35d74562843ca8a02b4bb7080dfb174d666b169c149b25120af49f62d3532bfd50c1e07bb1d0b966d4ee0a85a1c5103a8b523a4630d22c868c348b52ba0c86b2e1119d00ce5eec407bb12cee9629c7c2645112d61a869f0596e1675122c5ba94ec7bb14c52172cb3d5c5b52c4c8a95e91215fbdf8b4d7cca3ebd113b55ac81dee0317937fc7ca760281b42e7a283cbc5958d115c235c9e0c3f179771f81d1df3489bbdd881f66259a12c538e85c9a224ecc532fc2cb00c3f8b527a2f9691663164a4599458e8ce2bd9df0a48ef979162b37dc15e2c9feefa19242ceed9a9922d806196c8bbdf907eab37f1574bfa7e178591c6489305ce5764f8c986093aefdac85eec587bb17c757f76d6256ef88e9244fa2f9ff51d235cf7d90c3f865f56c05580d9eae25a16864ea6cbbe15c04297b54d0fbf6df5f446ec500f3d266c87d88be5cfa89e995dfc05daacde5420fbd6cfea7e803f806cb92e32fcbcd7b6ed6d27238d91665cc42cc558e82c4ade9d8e6d24cd465852ecfbcafbf732c8ce97e39d7f957beeb28ad95e5faeefd9957da82102ddf9518aa16c089d8b0e2e1797712f76bbd9c135428862abdb4e0c197ef26c35561c682fd6329d5665c6795b3c7b5df4ea8d4367dce6f10272132588cd55fa1e7ecc56e3e5cdbb8d2d0cb9be479a9662bd8ce3183273e599cb1305ff78e7d5688f4e33bbcecf2e0c6543e85c7470b9b85c9b61de2bc538098cdb7579d441779e8e144b8acd8c22ae8be7a71986b221742e3ab85c5ca458998bbd58e8ca0ad4381a4f14a402ee38f7d95c17cfcf2e0c6543e85c7470b9b848b132172916bab202358e468a25c5fe8c2bae8be7671786b221742e3ab85c5ca458998b140b5d59811a4723c5926249b1656616d9427684ce4507978b8b142b739162a12b2b50e368a458522c29b6cccc225bc88ed0b9e8e072719162652e522c7465056a1c8d144b8a25c5969959640bd9113a171d5c2e2e52accc458a85aeac408da3916249b1a4d832338b6c213b42e7a283cbc5458a95b948b1d09515a87134522c2996145b6666912d6447e85c7470b9b848b132172916bab202358e468a2d93621fd795f9a7463fd53ee68dd7c5e87473d760288f52e85c7470b9b81a49b12c74477f51e2399e4d3fd10d99b9a66e76161a2bc57ecf81fc9f4230ceaee561a7ff76f6c2fdc5b3b30bba6c276198253a2a009d8b0e2e17972bc5b2d0656d197e5922163a9948a838508addcb9a99206bc9a3dbc3460cb2e985093acbd4c2d0a224bc47c9f05ba131d21869b2c0f98ad9e1e7ba6d786cd0729d9dffe2fd6aadcbfe3de471e812e37694147b9c354f3d517074d8704136b13041675cf73134426d8b41e7a283cbc5650c552c7446d5f4f073cdee39bda55f9aebacfc30463774a3a7d85c471e06d9ec8d4eeec8c665e1fe62470b53ee04a1fbf41d86f23886ce4507978bcb926259e8eca489e1a7bd93ce7596e1671f7e7bb7497f2fb763a7020fd29d7f3df332d7d46571979da193e9e68a18ca86d0b9e8e07271916265aedd8aa458d993992bd3b1179bbad5493c7a92be474cdf3f4dbfadd167358e79f1ecea89eeae14db9321c3cf35a9e17271dd98627b9aa49685aec65e6c4f86cc5c79e60e9d626d7360ff9df1c1532c74ae29b7bb4261683184cea2948e118c348b2123cda2942e736428d4b23c176b1bd8e74feb8a2330fc6a28f7ffe92edb1c5052eca33fd207afd161958e79f1ecea89eeae6cd19321c3cf35afe1727165f762b946b83c2f4eb12c74473bb896af77e826a20cbd173bf574e2477ea2a0fbd905ddf9c51d438be1c56fb4459fb9705906d56e19e864baf4ed7a3a512572d850518ce1777ef86d8fd0ff5e2c31c2326e985d1625ed2d336ea2b2b60cbf2c5176439185ce62c848b328c90bdd514552ec24c3f03b3ffc48b13b89e2cc5e6c6253a7466fd53be6f5b3ab1b3acb1645a5b702ba3164f8b9a6365c2eae7b6f00ba99a49685ae528aedc690992bcfdc44c521f66213bb14e9bf8df11c73f99f6d46c9d769ac44fac99bdd1006ddaa0f31940735742e3ab85c5c9614cb35c24eea7d4c33bd116b79a260dec85c5d89ec6d6ea42433b746478c92627717a9227fde6d3bc16af453ed6366dff1d92c1f05fe786f1f74d92d8aaa7f5db00f43869f6b82c3e5e232a658ae1146d5ecf0b3835bbea36075b4f94a646c6d53c5b2745c6785fe1a28c5ae16a96c84b5df230aeead55b1dc2e2f968f4c841d8ace9862197e8931cff0732d0870b9b85ca16a1923b846ec3a33fc187eb2408d8a63a558cbaab42c637ca2a046c75c7cccecc2045db64730cc121d1580ce4507978bcb956259e8b2b60cbf2c110b9d4c245424c5a6b61549b1de357d2e3f0e9d7d2fd68b398e21d745d7da0d978b8b142b73697bb12c74a4d8b2432e7d34522c29f66784705d3c3feb30940da173d1c1e5e222c5ca5ca458e8ca0ad4381a2996144b8a2d33b3c816b223742e3ab85c5ca458998b140b5d59811a4723c5926249b1656616d9427684ce4507978b8b142b739162a12b2b50e368a458522c29b6cccc225bc88ed0b9e8e072719162652e522c7465056a1c8d144b8a25c5969959640bd9113a171d5c2e2e52accc458a85aeac408da3916249b1a4d832338b6c213b42e7a283cbc5458a95b948b1d09515a87134522c2996145b6666912d6447e85c7470b9b848b132172916bab202358e468a25c59262cbcc2cb285ec089d8b0e2e17172956e622c5425756a0c6d148b1a458526c999945b6901da173d1c1e5e222c5ca5ca458e8ca0ad438da5829f6b1facf3f96bf2ff2bc5a0cf193bd2e42971d071866898e0a40e7a283cbc5e54ab12c74595b865f9688854e26122a0e946297cbd3f4dfd9204b8a9d88a0b34cadf488c23061089d6580cd65e07271d953ec6ac1e71a21ecc5627866a1b38fd5f9d22ccf856e2a8e9262b719c2126449b1bb11163aefe2cef04baf9889b800dd960e2ef9029ca673510f1b233064f8c902352a0e91628f2e84d934468a85ce3eeb8e16770cb386d065892c9b348cb42c6362a469ef028f738dc8be1590a0c8be7b90edb83e0a30fc6af4232936f55cc1382b1431e2fcecc2503684ce4507978bcb7803408a35aa12c58c50f6ad7d6e0064d24745522c29f667fc705d3c338ba6ba18ca86d0b9e8e07271916265aedd8aa458d9133a992e51b1ff149b7e972dfd50c1e07bb1d0b9a6dcee0a85a1c5103a8bd25c062e175736c566d7f9c41be2d9ba72539bad7834fcd20dc6f068a7233b84a0cb0dadbf974176de54daf9d76627158bfbf9aee1ba88e17901f9080c3f171d5c2e2e52accc65df8b258a5990b901b02879cbf4bf179bf8947d7a2376aae8050d5a9ef728cf771c86b221742e3ab85c5cd9149b5eea133b61435d23d2bb45185ac6244f145894bc6548b13c17fb3366b82e7a67ceb63c86b221742e3ab85c5ca45899cbbe174b8ab52093622d4ade32a458522c29d63b6bf6cb932d6447e85c7470b9b848b132172916bab202358e36448ae5abfbb34327fdfcf8f4e8c5ea27fd97cfc6791823fb461bc38fe19715701560b6bab82c29f6682b31fd38014f14acae02bbcb3e86c66b84fdfdbd997dc0ebec9ed2df9d7fba6bd9dfae1c36d40a957df60bbaec8513c32cd15101e85c7470b9b88c2976bbe067e3d750d7084b14c3303d32b333d73e5687fdd37143a7d8d596587a2b71b421925daf9729163ad71b6dbbf75118bad66b861f5c727285ae089d31c5729d4d68739d2d3b14a7a38df2448125346ccb8cb35d9f9d5d5ec071e8ec8b3b86da5eacd7adfb1d3266ab7c2d844ea663a183eebc408d239062ff495c23c789622ceee7671786b221742e3ab85c5caebd58ef2dd338d70852ac3ceaa03b4f97dce11ee6b958eff2d4fd8e0e8b7bd9a945b6903da173d1c1e5e262a193b9762b32fc644fe8643a526c6ac395bdd8e79325a96f1ce306c032f730b428715d9495d8d181eebcc0f923b0d0c986d0c974a458526c66f030bbcecf2e0c6543e85c7470b9b8d88b95b9b8e784aeac408da3f15c2ccfc5fe8c2bae8be7671786b221742e3ab85c5ca458998b140b5d59811a4723c5926249b1656616d9427684ce4507978b8b142b739162a12b2b50e368a458522c29b6cccc225bc88ed0b9e8e072719162652e522c7465056a1c8d144b8a25c5969959640bd9113a171d5c2e2e52accc458a85aeac408da3916249b1a4d832338b6c213b42e7a283cbc5458a95b948b1d09515a87134522c2996145b6666912d6447e85c7470b9b848b132172916bab202358e468a25c59262cbcc2cb285ec089d8b0e2e17172956e622c5425756a0c6d148b1a458526c999945b6901da173d1c1e5e222c5ca5ca458e8ca0ad4381a2996144b8a2d33b3c816b223742e3ab85c5ca458998b140b5d59811a4723c5926249b1656616d9427684ce4507978b8b142b739162a12b2b50e368a458522c29b6cccc225bc88ed0b9e8e072719162652e522c7465056a1c8d144b8a25c5969959640bd9113a171d5c2e2e52accc458a85aeac408da3916249b1a4d832338b6c213b42e7a283cbc5458a95b948b1d09515a87134522c2996145b6666912d6447e85c7470b9b848b132172916bab202358e365c8a7d5c00e69f3f7f5211f6f1dbe7d562881fcb7511baf450c0509e2ad0b9e8e0727179532c0b1d0b9d3cc0a0ab449738ec582976b93c4dff9d0eb2a4d8d907baece4b40ca71523c36f52852e3bba5c516cb57059785d0d885bd84be12d1f57c6de72af89b7bcbd25e14a7a29bce5c3811469f04029769bc3b24196143bc52ce82c932dbde26098bc994edd4f42b7a2cb8eb42db550c532e6c395111c842ae1585c0d1640842aae2645292c380855a268946ae72829f6e842980eb2a4d8448485ce9e2d187ef21b6dd0b9226962c94a5c0e59e8d2cf8f41677c2b80e17766a13baacbf0cba9febd0cb253e107dacebf960acef58e93eeecc4e5f0e88d5d167752ac7db832fcec56dc00c856d3022d2c595aad33ed6cb0ae86a0d56af0f48b3449d3d06a1569703b07d110b45aed9c75ed96b017fb136e854b42ed8eb9f8f824b0f3e018ca86d0b9e8b4254babe56a58fb853504ad56fb1a5a0b350dad96d6c2666b69085aad66118a376c88149bd8859d7fb51b64d98b85ce3ee58ed61a0cb386d065899605125ce9e3c8155dcd6bb9b02c20576c59436b9b4c2157d4dad9602d5940aed82042f12691625f1983147b24900d6183d3cd739228262f4fd0b9e8e44b9a5cd1d5bc960bcb0272c59635b4b6c9147245ad9d0dd69205e48a0d22146fd2102996873bb3e326fd9e4522c8f2304636c532fc187e59015701ed1d46ad96ab61ed17d610b45aed6b682dd434b45a5a0b9bada52168b59a4528de3052ec4f42238a9162cf4f2d0c6543e85c74da92a5d57235acfdc21a8256ab7d0dad859a86564b6b61b3b53404ad56b308c51b468a25c5fe0c2a62c4f9a985a16c089d8b4ebbaa69b55c0d6bbfb086a0d56a5f436ba1a6a1d5d25ad86c2d0d41abd52c42f1868d9262f9eafef4d049cc13e88cb30e4323d4b618742eba2c9720ec6a40dcc2d09def3b0c6543e864ba44c58152ec6e1ae34f804e83233dbba0b3cc3d0c2d4abb65a073d159b89607f49677352656612f85b77c2c0dadb55e136f79ad55216a7929bce54320146fe458297695c6d21136fdd75c8af7c4bd07ccce16e8b21d846196e8a800742e3ab85c5cae40cf4297b565f8658958e86422a1e27029369b5c97059ed375881fcbc2045d7a2860284f15e85c7470b9b8bc2996858e854e1e60d055a24b1c9614fb4f62cd22c5ba16f4316f00e6d945b690d72fe85c7470b9b848b132d76e45869fec099d4c478a4d455552ec637c30bbcecf2e0c6543e85c7470b9b848b132172916bab202358ec65e2c7bb13fe38aebe2f9d985a16c089d8b0e2e17172956e622c5425756a0c6d148b1a458526c999945b6901da173d1c1e5e222c5ca5ca458e8ca0ad4381a2996144b8a2d33b3c816b223742e3ab85c5ca458998b140b5d59811a4723c5926249b1656616d9427684ce4507978b8b142b739162a12b2b50e368a458522c29b6cccc225bc88ed0b9e8e072719162652e522c7465056a1c8d144b8a25c5969959640bd9113a171d5c2e2e52accc458a85aeac408da3916249b1a4d832338b6c213b42e7a283cbc5458a95b948b1d09515a87134522c2996145b6666912d6447e85c7470b9b848b132172916bab202358e468a25c59262cbcc2cb285ec089d8b0e2e17172956e622c5425756a0c6d1864bb18f0bc0fc93fdf3aacfabc5103f96eb2274e9a180a13c55a073d1c1e5e2f2a658163a163a79804157892e71d8b152ec72799afe3b1d6449b1b30f74d9c969194e2b4686dfa46aa1736591be672e5cd9c97854003a996eae88a16c089d4c478afd796c609bc3b241b6ef6ba13d164067997be9150ac3e43294ba9fdc9d86596d4b97052d239cbb502528ce99cd30469aa5d385b12454b1b4245c19c141a8128ee5648347d98b3dca10e9204b8a4da47fe856732fb1dc30fce46c91988369f0932b63cbd5b513d76ab5ec20b44d43d06a09cd0b5145d3d06a8500b1375243d06ad95b15bd2429f627601cbdb14b8a25c5da673829d66ee5ba01383aecb033573b71ad96dca76d56d410b45a6d0a9c6f95a6a1d53adfdaa68ea02168b59a3af1aa8d21c592627f061809ecfc34c35036d49669ad96dcc8762a6a27aed56ae7ac8bb44443d06a1569708307d134b45a0d9efe992669085aad33ed8c55778814fb1354733fbbdbb1ecc5e6d80eef01c6a19b27fcd15a8361764d4cd0a5ebca15b34d6ab9807cd672c596355c6d9305e48aaee685282c53c81543b0581a290bc8152dad8a5e8614fbca18a4d823816c081b9c8e147b7e1194d768b9e2f936df7804f9ace58a379e6cd9979605e48a65dbdfc2d1640ab9620b675da40db2805cb148b31b3fc8102996873bb3a3f068924097a5cba6580cb386e9e177545dab956d4cfb05b413d76ab5afe16aa186a0d572352c50614d43ab1588c5d2540d41ab65694f1f6548b13f5b8d7cba8b147b7e3e63281b6a7350ab2537b29d8ada896bb5da39eb222dd110b45a451adce041340dad5683a77fa6491a8256eb4c3b63d525c592627f462c09ecfcbcc55036d49669ad96dcc8762a6a27aed56ae7ac8bb44443d06a1569708307d134b45a0d9efe992669085aad33ed8c55779414cb5f3d488fcbc43c81ce38a53134426d8b65e98a54919bd75a45b8e41e814ea69b2b62281b4227d3252a0e946277d3187f02741a1ce9d9059d65ee616851da2d63a15b56f496971bd66645efe97bcbb779d6455ae5a5f0962fd2c8c60fe235f1966ffcf4cf34cf4be12d7fa66d71eb8e956257692c1d61a7c271bbd6d5f2ec6c812eeb896196e8a800742e3ab85c5caefb1f16baac2dc32f4bc44227130915874bb1d9e4ba2c408a75718d4937cf3acbe2eef264f8b9b8c6197e8c34e1523755814ea663a183eebc408d239062ff495c298911c408fbace30269b75a9584ce4507978bcbbb17eb5af4c6b9469062e55107dd79bac41148b1a458b628ca4c31b285ec089d8b0e2e17172956e6daadc8f0933da193e948b1a9a8ca5e2c6fb415995aac503223742e3ab85c5ca458998b140b5d59811a47632f96bd58f662cbcc2cb285ec089d8b0e2e17172956e622c5425756a0c6d148b1a458526c999945b6901da173d1c1e5e222c5ca5ca458e8ca0ad4381a2996144b8a2d33b3c816b223742e3ab85c5ca458998b140b5d59811a4723c5926249b1656616d9427684ce4507978b8b142b739162a12b2b50e368a458522c29b6cccc225bc88ed0b9e8e072719162652e522c7465056a1c8d144b8a25c5969959640bd9113a171d5c2e2e52accc458a85aeac408da3916249b1a4d832338b6c213b42e7a283cbc5458a95b948b1d09515a871b4e152ece30230ff64ff46cbf36a31c48fe5ba085d7a2860284f15e85c7470b9b8bc2996858e854e1e60d055a24b1c76ac14bb5c9ea6ff4e075952ecec035d76727a8793b77cb601710b7829bce5e3ca689b61ab856b702e578a852e3b59bcc3c95b3edb80b805bc14def27165ceb47ca014bbcd61d9204b8a9d522c749639965e7176c79250c5d29270650407a14a3896a3060be72e54e986cb9e6299a4964e17c69250c5d29270650407a14a3896930d1e25c51ee5b0749025c526222c74abb997586e120349ab7572dab7565d43d06ab576ee427bb413d76a09cd6bb98a86a0d56ad9e14cdb340dadd6997636585743d06a3578fa959a448afd096347cf15906249b1f689a70d24ad96bd55214a6a085aad1020e9466a27aed5ea80cbb817cbada6b1afb581a4d53236294a310d41ab15c5e47c3b49b1a4d89f51949e27d3b6ebee0f3700f324d4d61aadd6f999dfd4113404ad565327ae35463b71ad96d6c2666b69085aad66114e364cd3d06a9d6c6a6bd53504ad566be75eaf3d43a4d844089b7fb59bc61277e7f5bae496231fcd13e8ecdd9130d4b6d6187e5901d9dcdead0d9694cf5aaed82082d6245940aea8b5b3e55a32855cb1650d57db6401b9a2ab79410b93625f398d147b24900db283d365f7628962d9c5515ea3e58ad926b55c403e6bb962cb1aaeb6c902724557f342149629e48a21582c8d9405e48a9656452f33448ae5e1ceec304dbf679108b23c51904db1d3f03bea82b47cb6e3fa28a02168b53a10d34e5cabd501d7f2143404ad5667742c74e73b541b485aadf3ad8d720452ec4f42238a9162cfcf586d2069b5ceb7b6a92368085aada64e5c6b8c76e25a2dad85cdd6d210b45acd229c6c98a6a1d53ad9d4d6aa6b085aadd6cebd5e7b48b1a4d89fd1458a3d3fc7b4b546ab75beb54d1d4143d06a3575e25a63b413d76a692d6cb69686a0d56a16e164c3340dadd6c9a6b6565d43d06ab576eef5da334a8ae5abfbd36328314fa0334ebface1f638421563636215131c842ab14c12ad15ce5da8d20dd7f2440407a14a9774f349092042952e0d0507a14a9774c9f5f0ef65909d4a3edc76feb57d9a747fefa631fe02eddce5598a9f5debc54fb67cfb03a66c0b2dc3cf7e414d3f4d5bb6e5b71f0d3a5717c0e5e23a33e9bcd472c30255f49a78cb07a2f036d54be12def6d4f1fe507da8bddfe31d5740e2346ac7cec1176283ae31605c34fde5c846e4597bdb6adeed859e898a405f30ac34fc6844ea6632ff69fec3a3ef8d745596697cbf079c0b17e3094fb1b3a171d5c2e2ed75eac6b95e376ddcbc575b688d87c9001afb3dbb93fdc5eac6b0c8d3344b82ecad745d7360fc36fd799e1e71a7e70b9b848b13217b315bab202358e468a4d6dd392625da96b59781c3a52ecf9858958e63284cbc5458a95b948b1d09515a87134522c29f6675c715d3c3fbb30940da173d1c1e5e222c5ca5ca458e8ca0ad4381a2996144b8a2d33b3c816b223742e3ab85c5ca458998b140b5d59811a4723c5926249b1656616d9427684ce4507978b8b142b739162a12b2b50e368a458522c29b6cccc225bc88ed0b9e8e072719162652e522c7465056a1c8d144b8a25c5969959640bd9113a171d5c2e2e52accc458a85aeac408da3916249b1a4d832338b6c213b42e7a283cbc5458a95b948b1d09515a87134522c2996145b6666912d6447e85c7470b9b848b132172916bab202358e468a25c59262cbcc2cb285ec089d8b0e2e17d71529f6df5f8f4ed9fcfcfa576e68c315197e72e754a4db1f819f21d9e7587cf644e729f6e4a079561fe2670b059db7e331f48acde5afa3fbeff75f7b7163f56f8daff89771adb42696c7e5b2719fc438ac4b377bfdf5fb3f7932345fb1ae61f3a77fa681d5e9f647e09c709571391d52a97946ca53b7db14bbba2c697f83ea2bc5767dafb39c5d13ddf31667fa8fd476f5d16f0f6e00328871af8e13d7f2cf5b5733f4ccef20652fa79bc7e16ac4bdfebdf1717809d774f15a482c22adc3e76bc63bea551ab975e9c64bb1952e16fddd3e4de3b9eef07bdd633efb649d3ae5a1f9aed8708c25c53a9f28a870af5369bd761d7635bb129b64c6507b9062a703efdc1a7e96ad86674b9ab4aee136ffef4482ed4e630ccdba743bdd769462fffc7912de9fb69243ed02ae27c376f0bc0698d7e7cdedade75ac34c85ebd2c951c1d4f6560ad5359c66a0e1f629c61de777a755a65b5c5bb77357dc907d8fe9fbe7eee1f8ef33c5ae3662e53dc5bd28f61e0bc5ee759a589be6d9b53d656d3bd696629733e393c01a9e2fa9cebac2f081f4f8798def8dd30fe1fcebf5006d79d1bf82eeabeb8e536c8477cceb736d92c4ac27a5fc06536c95856eb0145bc3d07cfb2486b27b2fb7f567ee513ed9df3cb268f0448145a95899e510d90659e326e2b29827c5eeee30163bb5da07aa3fbb9667b09f213ebb8d3163ec15863f29f6f7eff72749564ecf5ffefb7ef07395629b5ef4afa0cba5d87f7fbdc41e8c8d0fc0fa5ca95b1ee1b958526ced05fccae3d71c7e8edba7966fcb8fbaa326ddf7fb9c3b6fc2a9ef773ea15b5e12d98b753e5130bf1bbe334a9a0e0ac677c36bdc5e6f5e3a936263bc0bbe39abfa2bd4f3fdee87cebedff4bbc3eda09617fd2be83229f6c11366dcd5e75a3e9a52e0fa458a3d5e035ffb2d6106dfe2e1ce0a178bc2b74f57867bcb6bd59fb989bdd8cf937cab4cba7e106d3de385fb560b46b132a4d8822956bdd729d69bfa81eacfaeec5e6ce07b80e9dcae309c92ea6739fafef0cdcfaf42bea979055d32c53e07df6e90583f8fdc42dab8826bfb1cf6f1e7947357c179bc1608c4fa1a77c124354ebe55544b058f93a75ba57acde157f8f6a9caf99f38684dbaec5eec6e8a5d3ff6fafedfcb75eebfdfbf9afece8d3e53ece3a980d51305c2e304d3410eefa1f7ae6647ef896757f913f3a24cd57976adce7af9ef2ec33dbab9a9dbbdc4ccf2ff75496d2147eca95f61f84ab13b31f6fd1be385b4ccb02975942be8f653ec729dd80cac56d3c6455c7b41f6c7eb2b8b5aae822da6d82a0b9d71f2bd60e7f1b6971c4a4dad0ac7a93bfc4cb74fcb42f7df1ad98debd2fdb4c3b717bb573ada4d55c7df17db4c8a35adf2f66950a9e46a764d1974327485d7e5574d1d3775bb502592e9f792ffe26c71e5bac2f09d55373176fec5ee85b4f545ff0a3a612fb6d5b47129d7fa16fc674d98a7abf12ad8e01305f34e47c985ce9862d72b63ec145bfe6261ba7d6ae8d6c87e51ae3f73131974fb5ef1fea369e1626cb77bb1539c9243d8a2fa6a88f679afb385aa4077b817bb4efa0bf2edf56ffa97063764af30dc86d569676cfef7e3270ada4912db45ff0aba648a5d0a1e5f935a491b9773bd48168176fe0308d3adeed75de576896c67ecd5a54ba6d8cf1c7d8fb0169f563124b2ba86730392b74f8b5dc71677348e14ebd39952ec8bec60b8ee675bc3c0b8ab48e72956db474c6e289a46c93b6385b9d7399959b7ced30dfac1cf96e5e832b7a3bdde20bb6bea6c5ef70ac39db4fa93201617c8c30b693b49c292622bccdce5cbee4cccf93b0ab6cd6b2d6d541f69dbc0b5ce16ef7ba729c47edf53daa7f7f573b72e5d2ac5fefcee951e66a0cfb762ec305e8f637cc5ba867b8dd8dc3efd146a7941b3a7d8d20bdd713ed9199c61f2497a649262ab7cba2bdcbdceb50bd36e86d8bb1eeedd8e4fe51afcea8f2b0cf7e2eaff7efd9e3ef3f5fc21c5ce6fc224963edb7643ab69a3fa487b0ea2833dae09a59fbdd89231e238c54ebf79aa1d6f5537f806d3de1caa38fc8cb74fcf569162f73eba739462f787e65ee9700f143c1e7dfc7bf97fd3987d8cd29d7f35dea8dd58ace2ecfa9c559ff73a97d0cd883b19e27b923dfe576ab3e7c6319678e92b0c97abfc32e27fae7fa4d85229b6ddb4517da4bd06d15e8e5dc4b1dd44b6fbf9927602475dbaf56dcf6bb598e7e40fe867daaef73a5a7c4ceafa146bba7d22c5be76dfd6ef796e46d757e03ffe6b7cf33d6b2b4f4d79aef1a4d8527bb1b1ef75ea2eeeeb11b9b713f6b5d22fbf817e6f8ff6711fdedebec515865f7b159f156b81418a35a4d8fdb5fe7b98369c36aa8fb4dd7770e78dfeafa9f72efa4ebcbb57c1fe53ecfaa193f73b465fff7ff3a0d9fc1cc1fe1da9e74a7e61d98ac3cf7cfbc45eecfaa33bb91198ba607ed76defd29a19dca458678aedf45ea7e2c2b4330277b72cbe66d26222ed6e89b538d1ae307c60ec24d6efeff67bfd81da35513b49623b22aea09b5ef5e01995fd77cfb78b7b1b69a33ad7e766697d6db4426ddfbc7ae7b97b3f8c539deec23479d74b553474dc3ef14481e176fdae2172edeb9262cd29b6eb7b9d8a0bd3d780de45dc6c511c7d71e7eb4278ef75f07082d6377ce9ad1f1ff8e23a7853b3edc7c8ead35dbbac567e35b86460e864bab9624543ebed93ede6eafca9963e4245bad24d0d743c52ac39c506ea557f53995d7eb3758dba86ab757bf1e9e6fdf7295f897ffa65eb8b7e5dbaf35ddbd811e0923b043a99ee8a147bbe716d1f81e157a37f48b1a4d89f71c5ec3a3fbb30940da173d1c1e5e25a16864ea623c542775ea0c61148b1a458526c9999c505527684ce4507978b8b142b73ed5664f8c99ed0c974898aa458522c29b6cccc6285921da173d1c1e5e222c5ca5ca458e8ca0ad4381a2996144b8a2d33b3c816b223742e3ab85c5ca458998b140b5d59811a4723c5926249b1656616d9427684ce4507978b8b142b739162a12b2b50e368a458522c29b6cccc225bc88ed0b9e8e072719162652e522c7465056a1c8d144b8a25c5969959640bd9113a171d5c2e2e52accc458a85aeac408da3916249b1a4d832338b6c213b42e7a283cbc5458a95b948b1d09515a87134522c2996145b6666912d6447e85c7470b9b848b132172916bab202358ed65b8a7dacef657f6aa03778ccb268d3d11a3ccdaa4dc250e685ce4507978b6b95628bebc98d095ab138e038170be86a8cf9ae526c0d208e89000208208000020820d0a00029b6c14ea149082080000208208000021901522c4304010410400001041040209e0029365e9fd16204104000010410400001522c6300010410400001041040209e0029365e9fd16204104000010410400001522c6300010410400001041040209e0029365e9fd16204104000010410400001522c6300010410400001041040209e0029365e9fd16204104000010410400001522c6300010410400001041040209e0029365e9fd16204104000010410400001522c6300010410400001041040209e0029365e9fd16204104000010410400001522c6300010410400001041040209e0029365e9fd16204104000010410400001522c6300010410400001041040209e0029365e9fd16204104000010410400001522c6300010410400001041040209e0029365e9fd16204104000010410400001522c6300010410400001041040209e0029365e9fd16204104000010410400001522c6300010410400001041040209e0029365e9fd16204104000010410400001522c6300010410400001041040209e0029365e9fd16204104000010410400001522c6300010410400001041040209e0029365e9fd16204104000010410400001522c6300010410400001041040209e0029365e9fd16204104000010410400001522c6300010410400001041040209e0029365e9fd16204104000010410400001522c6300010410400001041040209e0029365e9fd16204104000010410400001522c6300010410400001041040209e0029365e9fd16204104000010410400001522c6300010410400001041040209e0029365e9fd16204104000010410400001522c6300010410400001041040209e0029365e9fd16204104000010410400001522c6300010410400001041040209e0029365e9fd16204104000010410400001522c6300010410400001041040209e0029365e9fd16204104000010410400001522c6300010410400001041040209e0029365e9fd16204104000010410400001522c6300010410400001041040209e0029365e9fd16204104000010410400001522c6300010410400001041040209e0029365e9fd162041040000104104000813e53ecff2afc0c32562ac8fd6f10baf93431947b1c3a998e8a1d0830fee54e844ea68b5eb1c314fb18cd7ffefc53f0ffa6e911bda72ded87cea2942e83a16c089d918e0bb6112a5631c6bfdc5fd0c9741d54ec2dc5161fcd731aee3ec842777e3e63281b4267a42b0e35ce5dba51f89662c5bb952bd7f99dacee2ffab70cf5e22f4a8ab5eeda763fa05946cfcf2e0c6543e82c742859942296a167e55e834ea6eba322299614fb1ac9ac05e7a73486b22174163a942c4a11cbd0b372af4127d3f55191144b8a25c5169bcbaca7322574163a942c4a11cbd0b372af4127d3f551b1ab145b6f344f4fd874fc500174e7e73386b2217446ba7a501d2f6e46db1b8bd5eb56ae5c279f8e655edc382f8c2f4d8ab5eec59262cf2c0723ac055c8a8c8bceb61874163a942c4a11cbd0b372af4127d3755391144b8afd19ccac05e7a73486b22174163a942c4a11cbd0b372af4127d3755391144b8a25c59699ceaca7b22374163a942c4a11cbd0b372af4127d37553b19f145b7b3477fc440174e7e73386b2217446bada50233cf663a4beb258ed6ee5cac5b370578ee7eb5fabab14cb72a00da0871b741add5c0b4319103a0b1d33d4a214b10ce35fee35e864ba9e2a92621d4f14f47a53cb5a707e4a63281b4267a143c9a214b10c3d2bf71a74325d4f1549b1a4d89f8f76b1d37372566328034267a143c9a214b10c3d2bf71a74325d4f1549b1a458526c8119cd7a2a234267a143c9a214b10c3d2bf71a74325d4f153b49b1176c25ce4f883f5fab9f1fe8cef72586b22174463a2ed846a858c518ff727f4127d375569114ebdb8bedefd158d682f3531a43d9103a0b1d4a16a58865e859b9d7a093e93aab488a25c53eb696dd085a95ceb6b1e7b580f5545e16a1b3d0a164518a58869e957b0d3a99aeb38aa4587780eb2c8ab1169c9fd218ca86d059e850b228452c43cfcabd069d4cd759c55152ecf45499e527bbcb385a8ab5a0191fdaeb8ccebe178be1d1ba99bd1441f7a0cb2a65572d7b815e27699b57ee6ccf32fe593ada1cbaedb46a88146b5f082c69acb3553ebd8c426799ab185a9476cb4067a123eb5894229661fccbbd069d4cd759c52152ecf4912ce34f76d362a8140b9d65c213322c4a428a65f84d685cb0e501d67845960eb983a093e93aab384a8acd66537b81d152ac5d265bb2333afb130559197b81ce0cb39722bb4cb6645cbaac92f1163d7b9cfebe83a5f10bb6a547b203db5820eef8d76e808d2c96629dd1353e29bccd23c5f2e92ebea3c03b6bd6e5b914c982d059e850b228452c43cfcabd069d4cd75945522c2996147b7652b39eca82d059e850b228452c43cfcabd069d4cd75945522c2996147b7652b39eca82d059e850b228452c43cfcabd069d4cd75945522c2996147b7652b39eca82d059e850b228452c43cfcabd069d4cd75945522c2996147b7652b39eca82d059e850b228452c43cfcabd069d4cd75945522c2996147b7652b39eca82d059e850b228452c43cfcabd069d4cd75945522c2996147b7652b39eca82d059e850b228452c43cfcabd069d4cd75945522c2996147b7652b39eca82d059e850b228452c43cfcabd069d4cd75945522c2996147b7652b39eca82d059e850b228452c43cfcabd069d4cd75945522c2996147b7652b39eca82d059e850b228452c43cfcabd069d4cd75945522c2996147b7652b39eca82d059e850b228452c43cfcabd069d4cd759c54e52eca3571e63fa8261fd7c89de7ea03bdfa318ca86d065e92e58d9e6bf26dfe5129715beb100e35fc6874ea6eba92229d6b717dbe512cf5a707e4a63281b4267a143c9a214b10c3d2bf71a74325d4f1549b1a458b6b10bcc68d65319113a0b1d4a16a58865e859b9d7a093e97aaa488a25c592620bcc68d65319113a0b1d4a16a58865e859b9d7a093e97aaa488a25c592620bcc68d65319113a0b1d4a16a58865e859b9d7a093e97aaad8558a9d3fa050e93fba7c28f6319a2ff8ec48af74f35a80a1bc2c4267a1e3826d518a5886f12ff71a74325d4f1549b18ebdd85ea3186bc1f9298da16c089d850e258b52c432f4acdc6bd0c9743d55ec27c55eb0a7d86b8a85aec894aebda432fce4f7583aa0ab3dba1eb61d281599c8d71fa476e776dcb3d05d3f5c5b7b45522c7bb13f6392b5e0fcccc4503684ce428792452962197a56ee35e864ba6e2af69662eb8de98e6f67a7140bddc9598da10c089d85aede0c9d36b9fb5ee22cc2779561fccbf2d0c974dd5424c55af762fb5ee2590bce4f690c6543e82c742859942296a167e55e834ea6eba6625729b6ea3be37da758e88a4ce97abb650cbf911f8a9d062717ec2293b4cd83b074c8fd029d4cd74745522c7bb1af91cc5a707e4a63281b4267a143c9a214b10c3d2bf71a74325d1f1549b1a458526cb1b9cc7a2a534267a143c9a214b10c3d2bf71a74325d1f157b4bb135de197fbf91d7478fa7cea2f872300eddcc8aa13c4fa0cbd215279a9fd3e8fe9195aceded058a77ee38cb2f74b78fde1b1bd0678a9d666fd99f1b3be9b2972e2b361fedb2f6b7f04218cabd009d858e0bb645296219c6bfdc6bd0c9741d5424c55ac77f079d9d3d05ab85b35cf6757b2ae0b4b116ef89e8e85cac16ce729dd139cfde5abc33a588a763ed2a67b98814de363b49acc5bdcda0fc2d021da6d887638ded8a5bbae7fa1785eebc3986b22174593aeb15d8592efbba14b84080f12f234327d345af488a357dbaeb394386f8612d38dfcd18ca86d059e850b228452c43cfcabd069d4c17bd22299614fb3586590bce4f690c6543e82c742859942296a167e55e834ea68b5e91144b8a25c5169ec5aca7322874163a942c4a11cbd0b372af4127d345af488a25c592620bcf62d65319143a0b1d4a16a58865e859b9d7a093e9a25724c5926249b1856731eba90c0a9d850e258b52c432f4acdc6bd0c974d12b926249b1a4d8c2b398f5540685ce428792452962197a56ee35e864bae81549b1a458526ce159cc7a2a834267a143c9a214b10c3d2bf71a74325df48aa458522c29b6f02c663d9541a1b3d0a164518a58869e957b0d3a992e7a45522c2996145b7816b39ecaa0d059e850b228452c43cfcabd069d4c17bd222996144b8a2d3c8b594f6550e82c742859942296a167e55e834ea68b5e91144b8a25c5169ec5aca7322874163a942c4a11cbd0b372af4127d345af38688a7d8cf8f9e7cf9f7c907dce90217eb26b0174d971806196e8a8007416baac92654d5b9619677db3f0de5826dbb32cbf2c1d378ecf365f7ac414bb5ab2b30bc763b91f67954f6b2cd7d0e9bfb3d7cb71e8e6198ea1bcd84167a1cbce3bb28e85b1c1328c7fb953a093e9a2571c2ec5ee862acb55217a4f1bdb9fa0d846584b9025c5ae36bd7619d33703e31832fc2cf3940bb645296219c6bfdc6bd0c974d12b8e95621369207b6188ded3c6f61f391c45d86c901d278165f76231cc0e42865f96e851800bb645296219c6bfdc6bd0c974d12b92625f3d488a9d20580bce4f690c6543e82c742859942296a167e55e834ea68b5e91144b8afd1ac3ac05e7a73486b22174163a942c4a11cbd0b372af4127d345af38508acdbeb59d7e9f2e7a4f1bdbbf8b907e2b3cfd504196ddd8b040c530943b0b3a0b1d176c8b52c4328c7fb9d7a093e9a25724c57e7a90147bf4440129d635cf594f5d5ccbc2d059e850b228452c43cfcabd069d4c17bde2402936fd85593c173b0d65b679ce4f690c6543e82c745cb02d4a11cb30fee55e834ea68b5e9114fbea41522c29b6d464663d9525a1b3d0a164518a58869e957b0d3a992e7a45522c29f66b0cb3169c9fd218ca86d059e850b228452c43cfcabd069d4c17bde25829f6e8a182f4462c7fbb6bfa4efea3a763f9c6fed52a907ec07a9711c3f45b010cbfe518e3821dfdba7bd47e960eb967a193e9a2571c2ec56e236936c29262e78cb54d60fc05daed12907d3a65c588e16c089de58ac205dba214b10ce35fee35e864bae815474cb1ab7d9d6c8620c51efd0d55e876e77ff6be68996231b4ec32eede470d4bc7053bfa7557d88bddbe2136ecf867d5ed75fc6be735688ab5ccff5574d37cc3d5ca2630e8b27d8a619648be8a33fc1e74d901c66d923c02efad98ed59c63f4bc7bd43b4c15727c5fe3cf199fdbfe7e232c40fcbe8f96ec6503684ce428792452962197a56ee35e864bae81549b1f908cb1305d9949f2830ce0dc0bc16b09ecacb2274163a942c4a11cbd0b372af4127d345af488a25c57e8d61d682f3531a43d9103a0b1d4a16a58865e859b9d7a093e9a25724c5926249b1856731eba90c0a9d850e258b52c432f4acdc6bd0c974d12b926249b1a4d8c2b398f5540685ce428792452962197a56ee35e864bae81549b1a458526ce159cc7a2a834267a143c9a214b10c3d2bf71a74325df48aa458522c29b6f02c663d9541a1b3d0a164518a58869e957b0d3a992e7a45522c2996145b7816b39ecaa0d059e850b228452c43cfcabd069d4c17bd222996144b8a2d3c8b594f6550e82c742859942296a167e55e834ea68b5e91145b38c53ee6d2fc137170b0169cef350c6543e82c742859942296b9b167b972adbef5fcd917a69fe874a6936cb8d0a029f67bd8e583ac7140af8a196b35353cb2cb6825baa6104e36064319b005baf6af495925ef9f2989b852c963ace58ad99eadb4fc2e0f3bfd77cb4abb6d832e5c97956af08829766fc66682ac6556ef96b1542cd597458e935e0b2ad11569793b07c150ee8bdbe9425cceefba60cbdd4a45a3c02de37f3be62306d92cddb20bb233c8f8073bfba0330ece668b0d97628f875d2ac866c368a240b66e53832331bd2bd13575fa451a73afe1f76e4d9113baee20edd0b5cc98bd60afa66a766b36d61a75dd70bcfc95ae1fff47ab7ab8209ba6dbf66436c86627453774970ff3c22f38568acd0dbbc3206b19d0473d93ad5bb84bcf1dee686ed7a33bd7de166bdf68b8eda616818edbd4145db341f6faacf3e8b16635628df0746baf1fffb9853d8c6e822e79693e75d14fe885818bdf5052ec671c26762cb2493451205bb7a95174fd32dad4e91769cc5d86474b6a9193bae62077d1ad525ae33703d72b350e72cde0bce0555ae8d9a0b72ba4d80bc6679b2f418a2d9062b339355ba09dc171fd32ba3af7a06be8f22c6e31ec634fe516baa9ef02015eacd4c1dd513b0b6c537bb1e9313ffdb603ba1a7bb13dd145e9e2e37efc7b1964e7f57ce75f039deaee2a6f1b76fbef2fa4277376aa670bb4637b315d22c2c65a43b329b6def00b17c212a3fddee1d7ce346c27eb040af751baaf9df16f5b9462b81e2d1dda54ca7ebaab27ba181d7cdcca81f6626dc34e49b1d3464ef2862fcc38b9314674b3e5738b611f69e316bac7e4fc3fc34f3b73f84aa53ec6553b7d2784aada57aec4f1a3b8bd2fc1ebcb7776ff68772a4dcf165aeaf64117a897779b3a508a9dc66572d89d7ad0bbe3145b95aea7adc4f95c769fb1ae37fca22f4373fb8f2e2a17d0a5736c53c2a4d8a6baa36063ae1fffb99955f0e4ea1e2a4197bc349fbae89362eb76aaede8a4d8cf38e4d35d4777b4a458db6c7a95bafe5264d849fc3fd729dc55f87abaf94ca3a7d80b26e95da3629cd7bd7efc93628faefbecc5469977a4d83229f69dffd6fd9e9d09ad0d94eb9751f662a72178e626ea6118288425c6fc5dc32f16e0654adddc1db5b6cc7a7707735953df509cae5cbb3f51d0b2ef8079b58d4f14744317aba3b7ad1d2bc526b62bd25f0c6e0ca3ab62c65a4d8da1449c3a5eec4efdc188a64ebf48636e31ec3bc5d69eb953bf1f19161915050f72598a8d15ee0b0adf75a85b968edd34769780fcba69babde893da38b03c177bb4ff229f02153581e152eceee5b0e0dfb659463dad4beead95dd145c65d922749d6df9346878efa0b2bffa2d74cbe66d87a2bdf19795bc32ebf471777459d79c7ca11bc77ff757ae65d7a49ded7bb1db207b7200505d101831c5ae826c3687d96fcb840e68ad4a767a7f2f76a95d58d75ad0d3c5b235c3d6c658a23d77d11d05d936e9aecc3a3d4dcc367bd395ae2a2dbfedcb645bd8c2d2916d24056a080c9a622dc9755926e2b301da70c9ae0595e87aba58de65f8e8f1105b8967526ca5e1a74d96bb6a650758d9ac13e5418bbbbaa3e0eb667b96f17fa40d5dc17118eb50a4d8fc6e227bb1dea553b80120c59efc74d7bcee2c25632d468fd67229b274d9f54ad1ef8e2caa2d94b9be675b38eb226d80ae0863c483906249b15fe3f6c6b5a09b2d9f1b0d23ae41ae7754bd37545dbe8b72cb000b7d7714655edcd2b35170d2ed84ae8f7e14ce82144b8a6d25c576f086f844c97a2aac44d0d9d1186076ab5825e959b9bfa093e9a25724c592621b4ab1ab201b7476b19eca1d079d850e258b52c432f4acdc6bd0c974d12b926249b16da5d8e8338abdd8333dc8a5c8a28792452962197a56ee35e864bae81549b1a458526ce159cc7a2a834267a143c9a214b10c3d2bf71a74325df48aa458522c29b6f02c663d9541a1b3d0a164518a58869e957b0d3a992e7a45522c2996145b7816b39ecaa0d059e850b228452c43cfcabd069d4c17bd222996144b8a2d3c8b594f6550e82c742859942296a167e55e834ea68b5e91144b8a25c5169ec5aca7322874163a942c4a11cbd0b372af4127d345af38688a7d8cf8f9c7f23deacf1932c44f762d802e3b0e30cc121d1580ce429755b2ac69c21fd8b3b48d326704b23dcbf2cbd2716680755977c414bb8aa4d98583bf403b5ff0966be8f4dfd9ebe5383700f3029166c130b1924267b9cc64e71d59c7c2d86019c6bfdc29d0c974d12b0e9762774395e5aa10bda78ded4f506ce39725c89262579b5ebb8ce99b81710c197e96799abd602f0f925ddc86ba4bb7f0de5886f12fe34327d345af38568a4da401d785217aaf0b9b614711361b64c74960d9bd580cb313e7681a42670ca6dca567c758cb0518ff72ef4027d345af488a7df520297682602d383fa531940da1b3d025948eaab3be59606f2fc3f897bb003a992e7a45522c29f66b0cb3169c9fd218ca86d059e848b116a5886518ff72af4127d345af38508acdbeb59d7eb0267a4f1bdbbf8b907e3f37fd504196ddd8b040c530943b0b3a0b1d29d6a214b10ce35fee35e864bae81549b19f1e24c51e3d51408a75cd73d65317d7b2307416ba23a5745dd6378bedbd6518ffb23f74325df48a03a5d8f44771796e6c1acabc2f737e4a63281b4267a123c55a94229661fccbbd069d4c17bd2229f6d583a458526ca9c9cc7a2a4b4267a1e389028b52c4328c7fb9d7a093e9a25724c59262bfc6306bc1f9298da16c089d858e146b518a5886f12ff71a74325df48a63a5d8a3870ad21bb1437d2b78fae1b9dd0764f9c6fed52a80a1bc2c4267a123c55a94229661fccbbd069d4c17bde27029761b49b3119614cb5fa075cdf3ecd329ab9b01fe8aefcc0b9d65a4a52fd8db236497b867017eee1760fccb7d009d4c17bde28829764aa5f34f364390628ffe862a74bbf3df121a187ed0c9178fec057b79e4ec681c6a7d93cdafa998ed2cae5c471d01dd3543b4c1571934c55ae2d72aba35d879359a945d0ba0cbb2639825922f450cbf075d76809175e411786fc56ccf32fe593aee1da20dbe3a29f61fcbba30ce3b6e2ca3e7672986b22174163a942c4a11cbd0b372af4127d345af488a25c57e8d61d682f3531a43d9103a0b1d4a16a58865e859b9d7a093e9a25724c5926249b1856731eba90c0a9d850e258b52c432f4acdc6bd0c974d12b926249b1a4d8c2b398f5540685ce428792452962197a56ee35e864bae81549b1a458526ce159cc7a2a834267a143c9a214b10c3d2bf71a74325df48aa458522c29b6f02c663d9541a1b3d0a164518a58869e957b0d3a992e7a45522c2996145b7816b39ecaa0d059e850b228452c43cfcabd069d4c17bd222996144b8a2d3c8b594f6550e82c742859942296a167e55e834ea68b5e91144b8a25c5169ec5aca7322874163a942c4a11cbd0b372af4127d345af488a25c592620bcf62d65319143a0b1d4a16a58865e859b9d7a093e9a25724c5926249b1856731eba90c0a9d850e258b52c432f4acdc6bd0c974d12b926249b1a4d8c2b398f5540685ce428792452962197a56ee35e864bae81549b1a458526ce159cc7a2a834267a143c9a214b10c3d2bf71a74325df48aa458522c29b6f02c663d9541a1b3d0a164518a58869e957b0d3a992e7a45522c2996145b7816b39ecaa0d059e850b228452c43cfcabd069d4c17bd222996144b8a2d3c8b594f6550e82c742859942296a167e55e834ea68b5e91144b8a25c5169ec5aca7322874163a942c4a11cbd0b372af4127d345af488a25c592620bcf62d65319143a0b1d4a16a58865e859b9d7a093e9a2571c37c53e06fdfcf3e74f26cb3e67c8103f96b500baf450c0509e2ad059e82c4ad9356d59609cf5cdc27b63194bcfb2fcee761074378edb7b5f7ad014bb5ab5b313609c55de42b15c462de5ef1de2d7bfbac50443ed52c4cc7db86507d823a19275ae9ff8e75f31dbb38cff23640b1dabeef921dae011464cb1bb91343d0748b1d3cecd6a15b06c668f43374fefec58da654c6c9e8d6398a5dbaea1429506176257932c17ece501bde55d8da170410161300b550a36b89d43651d5875dbe9acb22d192ec5260241621a10231211765a1d8e42d8387496147b741b80e1a4a70d24ad56d995f4caa3652fd864fd2bbba3e06b692359ab55b0d92d1c2a8d905878b972b5d07d67da408afde8b1166463046b8165b2b19e5a9476cb687350ab2537f2f68adaf96ab56e3fd9a11aa0f59156ab335856ddce3ad47e3aa45852ecd768612db04f9ea39218ca86daf558ab2537f2f68adaf96ab56e3fd9a11aa0f59156ab335856ddce3ad47e3a63a5d8ecbbdb4733215bd12ede78c98440fadd70e8e69ec5501ee4f228922bca4dbdb1a2965ab45a379ee6802f2d0f63b96237c8acbadd74a5f74448b1a69d48526c36c2b28c9262bdabcfb6bc3c8ae48ae7db7cfd11e493952b5e7f8e63bea2dc4172c56e9c49b1dd74a5f744c64ab1d34794b43782bdb241cbf3beccf98ec35036d4f60bb55a72236faf284716b9e2eda73c4803b491acd5ea8c9455b7b30eb59f0e29f663c55af0b0602db04f1eed7628b1abcda765b539a8d53adfd1771d413b5fadd65de738e6eb6a7da4d5ea4c982b57671d6a3f1d522c29f66bb4b016d8270f29f6bcd5ea08daf558ab55bcf1971d503b5fadd66527c50b653711b405671058ae5c8374f4f634874bb1470f1524e640fa3984ce864ed661772b916fec5f0e030ce54991a5db5bc20ebfabb8d799abe551ad96dc9554140418ff02da54254bc7954bb66dbce28829767b6d4b4f805eaf85bb43d342b15a0ed27fb1fd79c0b17e3094fbdb4267bf61e875e6662fd8647d7904de5b91f12ffb5be8b872c9bc2d571c34c5f277c68537a7e6b4ba5c0bd211b6d718919ed2d9f594e1c7f03b7355c80eb0d5ada3b7fc99b651f78c40b6a7583a583ace0cb02eeb8e9b62b3f16b59609c0d45cb320addf9148ba1f65680cbadd79b28cb24e55633e205dbd2b3ae29c095cbc535e6453fe24cf97e47eeef65909d7ef518f93bff1ae854590be4ce824ea69b2b62281b4267a143c9a214b10c3d2bf71a74325df48aecc5fe63b957e38ed6a2b45b661c3a52ecf9d5904b91c510258b52c432f4acdc6bd0c974d12b926249b15f6398b5e0fc94c6503684ce428792452962197a56ee35e864bae81549b1a458526ce159cc7a2a834267a143c9a214b10c3d2bf71a74325df48aa458522c29b6f02c663d9541a1b3d0a164518a58869e957b0d3a992e7a45522c2996145b7816b39ecaa0d059e850b228452c43cfcabd069d4c17bd222996144b8a2d3c8b594f6550e82c742859942296a167e55e834ea68b5e91144b8a25c5169ec5aca7322874163a942c4a11cbd0b372af4127d345af488a25c592620bcf62d65319143a0b1d4a16a58865e859b9d7a093e9a25724c5926249b1856731eba90c0a9d850e258b52c432f4acdc6bd0c974d12b926249b1a4d8c2b398f5540685ce428792452962197a56ee35e864bae815c74db18f413fff64ff30d573860cf163590ba04b0f050ce5a9029d85cea2945dd3f893f116ea8bcb587a96e577b753a0bb78acb6f37283a6d8552acd4e0052ec7ccd5baea1d37fa7af97e3d0cdb3da6be22ddfcef251bc255e0a6ff9e20dbee580d9b37e4c49b2ce2d5d73f245b33dcbf27b246ca15bd6f5963fd9b354af2730628addcd55e9313d4e14cb3a6c97d16c957ac3b7cd230b20429536cffd64ab0407a1cac946de5edd7b01f696bffd04876d407630b3fc6a29968b7ec7736ab8149bc8a389158414bbdaddb16f098c4367d98b65f8c90f6340671960d33cdd2267e351c717b940a796be06ed46d8e91f8fde101b67f9d510b45a8146d4084d25c57e7a9901fdb060193d3fedb581a4d53adfdaa68ea02168b59a3a715763b4f3d56ab91a46e193022cbf32a036bcb55a7223a9584380144b8afd1a572ca3e7a799b6326ab5ceb7b6a92368085aada64edcd518ed7cb55aae8651f8a400cbaf0ca80d6fad96dc482ad610182bc566df5e391ad3d98a35fae696632604a6b7ae123fbbef6a8d4337f7973c8ae48ab70c951a2f2a0bc8156b9c45ed636a975ead56ed73e1f84b01965f793cc82b805c516e2a15cb0a90624d3b91e3443196d1f3134c5e16e58ae7dbdcc8116401b9622327ee6a867cb2724557f3282c0bb0fcd6a04b1f9349219b375271ac147bf4d187a933d8abc822783762d3e08dcc81e2cdd0069256ab78e3ef3da086a0d5baf74ccfbcba7cdd952b9e692d75ed02e991ccf29b90d41601ad96bd432979810029f683cc8026c5169972da40d26a1569703b07d110b45aed9cb5b725daf96ab5bc6da3fc190152acaca70d6fad96dc482ad61020c59262bfc615cbe8f969a6ad8c5aadf3ad6dea081a8256aba9137735463b5fad96ab61143e29c0f22b036ac35bab2537928a3504864bb17c9f627a18256675e22b63137fbeeb79c0b17eb2865b0ea14a97a6828350253a9d76e9d56a45b78ad5feec60de7da880e5f7d1cb593a56dd5873c1deda1153ec36c8a627c0500f775a28562b297f817635df2c86cb2adef2f6e91daea497c25b3e1cc86e83b960f7d18fde5cb5bb8fc0f23b317a97026ff95e875c07e735688ae5ef8c1f8dddecdc862e3bed31cc1231fc64222ed867e81aafcbd221771074325df48ae3a6d8f42deceab7e3bc2d6e590ba04b4f7b0ce565113a0b9d4569f9864976c28eb3be59786f2c63e9d96c6f2e0b8cd3b3d0dd386eef7d6952ec3f964581b5c0a2c45f3d30beb7e5c564f879c5e6f25dd271c1bef7aa59efd5e959d9163a992e7a45522c29f66b0cb3169c9fd218ca86d059e850b228452c43cfcabd069d4c17bd222996144b8a2d3c8b594f6550e82c742859942296a167e55e834ea68b5e91144b8a25c5169ec5aca7322874163a942c4a11cbd0b372af4127d345af488a25c592620bcf62d65319143a0b1d4a16a58865e859b9d7a093e9a25724c5926249b1856731eba90c0a9d850e258b52c432f4acdc6bd0c974d12b926249b1a4d8c2b398f5540685ce428792452962197a56ee35e864bae81549b1a458526ce159cc7a2a834267a143c9a214b10c3d2bf71a74325df48aa458522c29b6f02c663d9541a1b3d0a164518a58869e957b0d3a992e7a45522c2996145b7816b39ecaa0d059e850b228452c43cfcabd069d4c17bde2b829f631e8e79fec5f067ace90217e2c6b0174e9a180a13c55a0b3d05994b26bda987fa7d4c27b63194bcfb2fcee761074378edb7b5f7ad014bb4aa5d909408a3dfa939ed06d27b0d7c45bfede25a3eaab7b29bce5ab36feb28367cffa315bc93a977547c117caf6ecb25ba7ff4edfae70e5e2ca55707cb679a81153eceec44e2f07ac05d35a009d651a0b6349a8626949b832828350251ccbaac1deece22d1fdd276efbb383799b62b355e26ab85a2e3808555c4da2f03502c3a5d8441e4d8c6952ec51849d862974cbe9aa6968b5ae59262e7b150d41ab75d949157f21e1ea2b5429de6c0e9815488fe4dd089bde91e5cac5952b3beaa21720c57e7a70b46be1eed8d510b45ad127cf51fb350dad5667861a82562b2e9d76be5aadb84a115b4e8a957b4d1bde5a2db99154ac21408a25c57e8d2b6d566bb56a0ce8168ea96968b55a38df826dd010b45a059b7df1a1b4f3d56a5d7c6a83bf1c29561e00daf0d66ac98da4620d81b1526cf6ed95a3319dad58a36f6e39a62c2057bce534abbea84c2157ac7a3a571e5c16902b5e7976a55e4bbbf46ab54ab599e3580412c3f8f1abf4cfeec7bcb8726505865a3a2c83305c1952ac6927323b13c275fc5183e5292d57ec866e3e119942aed88da12c20578c48279fac5c31a252c4369362e55e93c7b65c516e2a15cb0a8c956279d03b3b7ab40d1bad56b631410b681a5aada044de9b2866ee524cbeeeca153b1b66cd9e4e7a1148ecc51e7ddf16fb2f2c1dcd8ef6520d23c57e2489110f0b0d41ab556a10b7761c4d43abd5dab99f6c8f86a0d53ad9d41bab6be7abd5baf134077c6952acdce9daf0d66ac98da4620d01522c29f66b5c69b35aab556340b7704c4d43abd5c2f9166c8386a0d52ad8ec8b0fa59daf56ebe2531bfce548b1f200d086b7564b6e24156b080c9762f9eafef4304acc6ae88c33104323d4b61874163aedd2abd5b2b48732a504b2e37ff7a182c49fefe28902fe5e4fa9c1d9ec71464cb1db34965e3bd20fd634dbb55ac3bc14def25aab62d5f29a78cbc7d270b5d64be12def6a4cb385b359a7c8ed41b3a7df71c32ce3791564f90bb4d378b0d02d478eb77cc7a32efaa90d9a62f93be34703373bb7a1cbce790cb3440c3f99880bf619bac6ebb274c81d049d4c17bde2b829367d0bbbfa2defcbb8b89685c7a19bd702cb7aeaf21cc7103acb15c5a2b4dcb1cb0eb671069885f7c632969ecdf6e698cb2f74378edb7b5f9a14fb8f6551186795672d383f2131940da1b3d0a164518a58869e957b0d3a992e7a45522c29f66b0cb3169c9fd218ca86d059e850b228452c43cfcabd069d4c17bd222996144b8a2d3c8b594f6550e82c742859942296a167e55e834ea68b5e91144b8a25c5169ec5aca7322874163a942c4a11cbd0b372af4127d345af488a25c592620bcf62d65319143a0b1d4a16a58865e859b9d7a093e9a25724c5926249b1856731eba90c0a9d85ae96d2bfbf1e47defcfcfad7d226ca9410a8d5b38fb6fdf7fbafbdde5dfd5bdcceae4857a26739463d01522c2996145b787eb19ecaa0b5e95697f2e99afd086fb12ede759566a3bf7eff2777e4b3e274a4d38739d78850b5ebf6ec6bb04fc17535e45f7730de89f0acf6aef4ec6fef114af54f7dbaf58d40d0d5a314783bc721c5926249b185e7e305eb69e1163773b89a7453a65a5c641791d671e9fddab0fcd4bb32b1d5545a6cda9d8d9f6fdfb3c7696674d66f48dd9e4da5d857bf3b26c27c9f32f7efcfd4b8adb32bd359578fd5ddc0d76df36d36f507eeadaf408a75a5d8fdb7dce637659c4bc0ad3d7ff0e295d782164fb9789b309449ebd13d2f27dbcbc8eb2ae39db9ef8560ae776962aba7f4d9412db089fa36f1e2caa3277ec5ba3d9b4eb1ca9b125fb9f5d6add8fc5fa0b57c31fcd11f8c30af1e7342582e35ef7f24c5d699a1a458578a9d3a6167a47e6eb99c23f5ca2d1ccb10aabf8c5a5a11bb4c45431e6efb639ab0f3d5e8d9178f9fcd56ca3cc4a46bef618abd24b1551c6033558114cb1305ee75ac6ecf1ea4d87f7fbd2e5a8fa9e01bbf5f73e720e9b90dc40a35e91cabc7de931997dee28a7c91ab8d92624f0ef1f7b57095629753fe932f3c0b4173e37b0b558c6ebb91bd23b58d69cedb8206666345c3d7d9cd94671f6e6bff26aad0f04b3df6273c17bb49b19726b69326db4da9aff5addc73b1d3fdbe673d6c60f6deda843b968e472739d7d8dcbdb4f37065c46bd29d5c3d9abbca97116fe628fda7d8e9edfe07f8fb3f7c7b39d38a6f48b19f1d5acfb2dddc9b6ecbb5a002dd7353ecf1331d7a2bf5e331ff7abd186ed792d642d834afab1b7ec6da2621f876169b5b5eabd12d2fbc0562d536c55e99d86a5eb05dcfc5ae6f4c37f145b84168e6da784743b6e3ffb552fe5cc2ce5fb9966f24be66c1b30b776367b673bf87bc6fe5298f5b6de958be3da1dd9435b7cc96d7bff58843a4d85958dec370a558d79d686b396cb51694a69b52ecefdfefaff459058ae72fff7d7f25cc0a72fb2047a3ab4375c3448af53ddcd6fa4d54c9e1b7f74cfbd1545d6f366d72ef4e8abdf0ab0e6a5eb0cd2976754fb9ffecdf7fbf7f9dfda2835baf8f57bff88529768ec77b29d6d8b9cb47cd6ffd68d776efa0e4d2b10cff0bb6bd7bb6f9d77befd33e2a7cad2c056ea7af1ea04dbe5ee729f63b7daef7c9ec77b78614bbfb58b7a1cf1b7bd36d5e46ebd0bd52ec7ffb6f893f43ec67a267f7629b0b61abbdd85a867b29567bb8add99ba82a74471fcefcba9aac07d5eeadd25e8abd2eb1d5bd4d323e51f022982769a3b7948625b8a122cbe5771933a7ffb65fb036cf85cfe7b85e79f7f7624d9dfb75e9ba7b2bf6f30e5895a5e320c8fef4ca7716dd5f19e6afea7d4d17352d3434541b6a0a29d6f4364d2ec56616feafabe74e366be89eeca214bbbb9b3885d8cfb7f2e537b55b0b61f7a558ffc36d535b47bb895abd3df84e0a5f5f16f4f38f998f18ef5dabae5bd6eb4e52638a5d9f2e29b6c000b83ec5bef715d28ddfebdce7bfb5f12d5b5ffb53b552ec24b47e9be668b1d8fdcccce21ff7f7710a0ca1010f418a3d9362e7bbe544defabeab7dcd81ef21ded29b6e752f90d32af0d4dacee2f76f3c57d1c642d85d29f6c4c36d6d3db9587df87daff18b4bd2fc15e6d3a4febab1dcbe5b3e6c8a7d4fd28f63fef1c901afabea29df91621f4bf1e1f56bbf73f792dc72e738bffda0fa24ea5dbc747c07dacf7291da8bfd72d97f04a7024cff8724c59e49b1afb19b78637b3ba6a77fb9659e5b8673f5b560be0cae63ecfc8bdd14bb5c4e9709a3ad1076798a4d5e3b5e666faefd65f3baf7c1ef1c7edbf035b7667963797003b5bde31a35c5fe002d3f16b458cbd88bb50cf04c995b52ec4e9bd6ef78ef74eef679827b2f6a15af5cc6d5e3e9e84eb19e0f831718613d1ea2f314bbfa7a01edd122c377141c5dd47682c3f7de6c73636a49b47c6ba610dde2fdabcf0dfdf3b2f859290ef762f717889676b25729b6cef05b2c955f89e2e8c306919e5cac35fc524fed4dc38abdd8f75a74fc5ec8f49ba7d4f1f6f4bd59a6b905d5d7a0d5f85fdea40a0fc56eae5c3b4bc75efb2c9dbb7d9ee0e638566be9786fba1e3cf6b75c3d3c29d6f38ea36f0c8d577a88143ba5b1694528b116ec3cd272b4cf353fd5bd5c8fb66f59b633f0b6cb6851baddb4fab3fc2d6e775d29b61db94f4baa1b261ec7487904d82dab45b7f324cf77684b6d581fdf8bde74e1ae78c15ee69cef3c3a4fcb1faad52de8f21f48b127d6a4ea2976d3713b8d35756e6b5bb135bfdfd0bc7a64f66297cb050f149c9826abaafda7d8c517be9a1e1ed88db9cb5dc9bd473a579f487a8cfaf7fee2945ee3acecdba02f47ffbdafdafdfa2cc162b5fcfd7a5af667787695622b0cbffd0d15f7c36de516918247aa35fc164ff2ed7c21c1d7f45c3f1fb49bfd1b79a260da6c2b7697be7e0a7273ebbd5ccbbe0b7f7d2c33d48a5770f49e3f54adf1bf5c56bf7b757f8b31dbb9dbadd8bbaf71d7d0e5568fdd270a9e9a7ffdfaf5f82ef4d7f7ce9161cfcf95e5b6d1dfcb203bfde241bef3af255fb6f2b14e06afccdfb639fa7cfdb43afc0cf3e5b71eedc6d844e4a84c933b7c65baef4fc42eb2c522e8779862b57700ec5f97b3dfab8687db72c3e1eadfd71a7e9fadfe7552b35ec53f12b623d494ab78c1aed96c8e9d15a835feb32f1cbf40453aebea71b0322cde67fc2ad1d05713c5eefe51f6628bc688753a780e81aff1b9b82fdd7dc6e8eefbd6e3415b712d985ef4eb49f94f8c5d889062d76f1a4c9b6d8b9f9d675a365d6a79b8adb9c5abfaf06bee8c9506a1a4a845a843cfcabd049d4c17bd2229d6f498c13b46ecbee5b67e9760fbfcc077b5a66fc1aaaf050f8b9dc4ba8cf5a4d85c8a2df6705b73cb57f5e1d7dc192b0d4249518b50879e957b093a992e7a4552ac2bc546efee7cfb2baf059b6f689802d9ee17e96dee06ee7d18316ff72e51d170f90cc6e2f936ebdbe2fb8f70d8cfac7ac98a74d5db7edd0ba0749df5b5af44cfcaded0c974d12b926249b15f63b8e25ab0dac87e25d79f60b5d9cd5e04b4d72fef7f18d13ed52b1ada1b11b32474967e43c9a214b10c3d2bf71a74325df48aa45852ec552936fa5c31b79ff5d44cb52e089d850e258b52c432f4acdc6bd0c974d12b926249b1a4d8c2b398f5540685ce428792452962197a56ee35e864bae81549b1a458526ce159cc7a2a834267a143c9a214b10c3d2bf71a74325df48aa458522c29b6f02c663d9541a1b3d0a164518a58869e957b0d3a992e7a45522c2996145b7816b39ecaa0d059e850b228452c43cfcabd069d4c17bd222996144b8a2d3c8b594f6550e82c742859942296a167e55e834ea68b5e91144b8a25c5169ec5aca7322874163a942c4a11cbd0b372af4127d345af488a25c592620bcf62d65319143a0b1d4a16a58865e859b9d7a093e9a25724c5926249b1856731eba90c0a9d850e258b52c432f4acdc6bd0c974d12b926249b1a4d8c2b398f5540685ce428792452962197a56ee35e864bae81549b1a458526ce159cc7a2a834267a143c9a214b10c3d2bf71a74325df48adda6d8c7982efb13bda78ded2f8b361dcdf8d2dd14c350ee4ae82c745cb02d4a11cb30fee55eeb89eebfdf7f2d4fe7d7bf5f2aabdffef5fb3f19edb28afffe5a9cd0e37c1ee7309dd5ea64d6bd683ab93e53ec657dc30b21800002170bf474c1be988e9743208ac0bfbf1e3fcfb9fe15637f02e0debf6ba735c54b5358d45ee0cf9f57829d5fe3f5bf972976fadd2bd1be0a4ec556097eb70da458b56ba8870002082080000208541078a4d87fbf12dff3359ebb98db7f565fbf768a7defb57ea7d19f57fd24d777befd4eb153fc25c5aa3d4b3d0410400001041040e026819f14fbdec89cc3dcf4567cb9145bf9dcd6fbb0ef977b9cc6945d1f0596e7f6bd313c3f77906e257bb1957b91c32380000208208000021e81678a5d05d657fa8b9262df8fc36e7754fffdf54eb19fa719d67bb13f276f79d68114eb1956944500010410400001042a0b4c29f62bc6beb7307753ecf707a536e1f0f990e95c6679e8cf73b1f3af1fb5171fc85a45c9a317da787cbf5a966b9b62b3559e0548b136274a2180000208208000029708bc52ecf2c9d2cf0ee6fa535f53a9d79ee7f661d7e9d77f3d7e5ef1f4fb59d4654cfda4d745d25d67e2c317fa9221c55e325078110410400001041040a02981578a9dbf8ceae7435d5f9fdf5f7ef4e915535fdfbab5f97cfffe87ac1ea7fb5defe7fc57fbbcaf9aab8757dfa936f34502c74f14ec49b317dbd4f8a33108208000020820808026f04eb18bef54fd0e8fdb0ff07f7d2deb36e4ee7ce2ff28c5ae3f72b57ab2f5f085be4ff51d9e779e6e9dcfee538314ab0d146a2180000208208000024d097c72de260c6e9e8b5dedb51eedc56e3f65e54db1b9175a0b1eecc6ee7efb0029b6a9f1476310400001041040000145e019e98e9e5e5da7d8dd6c59632f36fb42db53dd3eccf0f32f7bdf034b8a55060a751040000104104000816604bebe04e099647ffe65fe8fefbfdd377fefeae79f17df45f0a8f5eff7dfb35d04c8f5df857d3f133b1de9fb7b0ade1f1d5bd5f93435f99d585fb5769f2f90fef6ecd4637c47413323978620800002082080000208980548b1662a0a228000020820800002083423408a6da62b6808020820800002082080805980146ba6a220020820800002082080403302a4d866ba828620800002082080000208980548b1662a0a228000020820800002083423408a6da62b6808020820800002082080805980146ba6a220020820800002082080403302a614bb2ac4ff4400010410400001041040a02981295d3ffe8ac2dffc1f0208208000020820800002510448b1c477041040000104104000817802a4d8787d16e50e8976228000020820800002f50448b1a458041040000104104000817802af14dbcc87cf680802082080000208208000025681ff590b520e01041040000104104000816604fe3f0a58b1bfb531f5a20000000049454e44ae426082);

-- --------------------------------------------------------

--
-- Estructura de tabla para la tabla `person_job_position`
--

CREATE TABLE `person_job_position` (
  `id_person_job_position` int(11) NOT NULL,
  `id_person` int(11) NOT NULL,
  `id_job_position` int(11) NOT NULL
) ENGINE=InnoDB DEFAULT CHARSET=utf8;

-- --------------------------------------------------------

--
-- Estructura de tabla para la tabla `register_history`
--

CREATE TABLE `register_history` (
  `id_register_history` int(11) NOT NULL,
  `id_person` int(11) NOT NULL,
  `id_location` int(11) NOT NULL,
  `register_date` timestamp NOT NULL DEFAULT CURRENT_TIMESTAMP ON UPDATE CURRENT_TIMESTAMP,
  `id_register_type` int(11) NOT NULL
) ENGINE=InnoDB DEFAULT CHARSET=utf8;

--
-- Volcado de datos para la tabla `register_history`
--

INSERT INTO `register_history` (`id_register_history`, `id_person`, `id_location`, `register_date`, `id_register_type`) VALUES
(2, 1, 5, '2018-09-24 13:00:00', 1),
(3, 1, 1, '2018-09-24 13:15:00', 1),
(4, 1, 1, '2018-09-24 15:00:00', 2),
(5, 1, 2, '2018-09-24 15:00:02', 1),
(6, 1, 2, '2018-09-24 15:03:00', 2),
(7, 1, 4, '2018-09-24 15:03:05', 1),
(8, 1, 4, '2018-09-24 15:23:00', 2),
(9, 1, 2, '2018-09-24 15:23:07', 1),
(10, 1, 2, '2018-09-24 15:27:00', 2),
(11, 1, 1, '2018-09-24 15:27:07', 1),
(12, 1, 1, '2018-09-24 21:59:00', 2),
(13, 1, 2, '2018-09-24 21:59:20', 1),
(14, 1, 2, '2018-09-24 22:04:00', 2),
(15, 1, 5, '2018-09-24 22:04:10', 2);

-- --------------------------------------------------------

--
-- Estructura de tabla para la tabla `register_type`
--

CREATE TABLE `register_type` (
  `id_register_type` int(11) NOT NULL,
  `desc_register_type` varchar(60) NOT NULL
) ENGINE=InnoDB DEFAULT CHARSET=utf8;

--
-- Volcado de datos para la tabla `register_type`
--

INSERT INTO `register_type` (`id_register_type`, `desc_register_type`) VALUES
(1, 'IN'),
(2, 'OUT');

--
-- Índices para tablas volcadas
--

--
-- Indices de la tabla `doc_type`
--
ALTER TABLE `doc_type`
  ADD PRIMARY KEY (`id_doc_type`);

--
-- Indices de la tabla `job_position`
--
ALTER TABLE `job_position`
  ADD PRIMARY KEY (`id_job_position`);

--
-- Indices de la tabla `location`
--
ALTER TABLE `location`
  ADD PRIMARY KEY (`id_location`);

--
-- Indices de la tabla `person`
--
ALTER TABLE `person`
  ADD PRIMARY KEY (`id_person`),
  ADD KEY `FK_DOC_TYPE` (`id_doc_type`);

--
-- Indices de la tabla `person_job_position`
--
ALTER TABLE `person_job_position`
  ADD PRIMARY KEY (`id_person_job_position`),
  ADD KEY `FK_PERSON` (`id_person`),
  ADD KEY `FK_JOB_POSITION` (`id_job_position`);

--
-- Indices de la tabla `register_history`
--
ALTER TABLE `register_history`
  ADD PRIMARY KEY (`id_register_history`),
  ADD KEY `FK_PERSON_HISTORY` (`id_person`),
  ADD KEY `FK_LOCATION_HISTORY` (`id_location`),
  ADD KEY `FK_REGISTER_TYPE` (`id_register_type`);

--
-- Indices de la tabla `register_type`
--
ALTER TABLE `register_type`
  ADD PRIMARY KEY (`id_register_type`);

--
-- AUTO_INCREMENT de las tablas volcadas
--

--
-- AUTO_INCREMENT de la tabla `doc_type`
--
ALTER TABLE `doc_type`
  MODIFY `id_doc_type` int(11) NOT NULL AUTO_INCREMENT, AUTO_INCREMENT=2;
--
-- AUTO_INCREMENT de la tabla `job_position`
--
ALTER TABLE `job_position`
  MODIFY `id_job_position` int(11) NOT NULL AUTO_INCREMENT;
--
-- AUTO_INCREMENT de la tabla `location`
--
ALTER TABLE `location`
  MODIFY `id_location` int(11) NOT NULL AUTO_INCREMENT, AUTO_INCREMENT=6;
--
-- AUTO_INCREMENT de la tabla `person`
--
ALTER TABLE `person`
  MODIFY `id_person` int(11) NOT NULL AUTO_INCREMENT, AUTO_INCREMENT=2;
--
-- AUTO_INCREMENT de la tabla `person_job_position`
--
ALTER TABLE `person_job_position`
  MODIFY `id_person_job_position` int(11) NOT NULL AUTO_INCREMENT;
--
-- AUTO_INCREMENT de la tabla `register_history`
--
ALTER TABLE `register_history`
  MODIFY `id_register_history` int(11) NOT NULL AUTO_INCREMENT, AUTO_INCREMENT=16;
--
-- AUTO_INCREMENT de la tabla `register_type`
--
ALTER TABLE `register_type`
  MODIFY `id_register_type` int(11) NOT NULL AUTO_INCREMENT, AUTO_INCREMENT=3;
--
-- Restricciones para tablas volcadas
--

--
-- Filtros para la tabla `person`
--
ALTER TABLE `person`
  ADD CONSTRAINT `FK_DOC_TYPE` FOREIGN KEY (`id_doc_type`) REFERENCES `doc_type` (`id_doc_type`);

--
-- Filtros para la tabla `person_job_position`
--
ALTER TABLE `person_job_position`
  ADD CONSTRAINT `FK_JOB_POSITION` FOREIGN KEY (`id_job_position`) REFERENCES `job_position` (`id_job_position`),
  ADD CONSTRAINT `FK_PERSON` FOREIGN KEY (`id_person`) REFERENCES `person` (`id_person`);

--
-- Filtros para la tabla `register_history`
--
ALTER TABLE `register_history`
  ADD CONSTRAINT `FK_LOCATION_HISTORY` FOREIGN KEY (`id_location`) REFERENCES `location` (`id_location`),
  ADD CONSTRAINT `FK_PERSON_HISTORY` FOREIGN KEY (`id_person`) REFERENCES `person` (`id_person`),
  ADD CONSTRAINT `FK_REGISTER_TYPE` FOREIGN KEY (`id_register_type`) REFERENCES `register_type` (`id_register_type`);

/*!40101 SET CHARACTER_SET_CLIENT=@OLD_CHARACTER_SET_CLIENT */;
/*!40101 SET CHARACTER_SET_RESULTS=@OLD_CHARACTER_SET_RESULTS */;
/*!40101 SET COLLATION_CONNECTION=@OLD_COLLATION_CONNECTION */;
